Rendement_Bonds_AAA_Moodys;Deficit_Excedent_Etat_Federal;Inflation_Conso_Urbaine;Inflation_Sans_Prix_Energie;Masse_Monetaire_M1;Nb_Employee_USA;Nb_Maison_Individuelle_construite;Masse_Monetaire_M2_USA;Rendement_OAT_10ans_USA;Rendement_OAT_3ans_USA;Prix_WTI_OIL_USA;Rendement_Bods_BBB_Moodys;Rendement_OAT_USA_5ans;Rendement_OAT_10ans;Rendement_OAT_30ans;Taux_Epargne_USA;Taux_Pop_Active_USA;Taux_Depot_FED;Total_Voiture_Vendue_USA;Taux_Chomage_USA
8.99;8282;127.5;132.1;795.4;109188;1551;3166.8;8.21;7.64;22.86;9.94;8.12;0.12;8.26;7.9;66.8;8.23;1161.3;5.4
9.22;-35207;128;132.7;798.1;109432;1437;3179.2;8.47;7.74;22.11;10.14;8.42;0.1;8.5;8.5;66.7;8.24;1073.4;5.3
9.37;-53324;128.6;133.5;801.5;109636;1289;3190.1;8.59;7.9;20.39;10.21;8.6;-0.04;8.56;8.3;66.7;8.28;1295.2;5.2
9.46;41829;128.9;134;806.1;109670;1248;3201.6;8.79;7.77;18.43;10.3;8.77;0.07;8.76;8.7;66.6;8.26;1226.3;5.4
9.47;-42482;129.1;134.4;804.2;109833;1212;3200.6;8.76;7.74;18.2;10.41;8.74;0.12;8.73;8.7;66.6;8.18;1332.1;5.4
9.26;-11105;129.9;135.1;808.8;109857;1177;3213.7;8.48;7.73;16.7;10.22;8.43;0.13;8.46;8.6;66.4;8.29;1306.1;5.2
9.24;-25924;130.5;135.8;810.1;109823;1171;3224.5;8.47;7.62;18.45;10.2;8.33;0.31;8.5;8.7;66.5;8.15;1244.4;5.5
9.41;-52719;131.6;136.6;815.7;109609;1115;3242;8.75;7.45;27.31;10.41;8.44;0.69;8.86;8.1;66.5;8.13;1196.9;5.7
9.56;20768;132.5;137.1;820.2;109521;1110;3254.6;8.89;7.36;33.51;10.64;8.51;0.81;9.03;8.1;66.4;8.2;1144.8;5.9
9.53;-31364;133.4;137.6;819.9;109373;1014;3259.3;8.72;7.17;36.04;10.74;8.33;0.84;8.86;7.9;66.4;8.11;1169;5.9
9.3;-47723;133.7;138;822.1;109220;1145;3262.6;8.39;7.06;32.33;10.62;8.02;0.79;8.54;8;66.4;7.81;1000.5;6.2
9.05;-7387;134.2;138.6;824.7;109172;969;3271.8;8.08;6.74;27.28;10.43;7.73;0.77;8.24;8.8;66.4;7.31;987.2;6.3
9.04;1650;134.7;139.5;827.2;109050;798;3287.7;8.09;6.22;25.23;10.45;7.7;0.96;8.27;9.4;66.2;6.91;839.3;6.4
8.83;-26191;134.8;140.2;832.6;108731;965;3304.5;7.85;5.94;20.48;10.07;7.47;0.98;8.03;9;66.2;6.25;927.5;6.6
8.93;-41173;134.8;140.5;838.7;108568;921;3321.9;8.11;5.91;19.9;10.09;7.77;1.01;8.29;8.1;66.3;6.12;1103.1;6.8
8.86;30009;135.1;140.9;843.1;108351;1001;3332.4;8.04;5.65;20.83;9.94;7.7;1.09;8.21;8.7;66.4;5.91;1059.6;6.7
8.86;-53367;135.6;141.3;848.8;108249;996;3343;8.07;5.46;21.23;9.86;7.7;1.29;8.27;8.5;66.2;5.78;1174;6.9
9.01;-2579;136;141.8;856.7;108337;1036;3351.9;8.28;5.57;20.19;9.96;7.94;1.32;8.47;9;66.2;5.9;1175.3;6.9
9;-40831;136.2;142.3;861.6;108290;1063;3356.1;8.27;5.58;21.4;9.89;7.91;1.35;8.45;8.4;66.1;5.82;1185.2;6.8
8.75;-43649;136.6;142.9;866.8;108301;1049;3355;7.9;5.33;21.69;9.65;7.43;1.47;8.14;8.7;66;5.66;1063;6.9
8.61;-6887;137;143.4;869.7;108334;1015;3354.9;7.65;5.22;21.89;9.51;7.14;1.47;7.95;8.9;66.2;5.45;1062.2;6.9
8.55;-36594;137.2;143.7;878;108361;1079;3360.1;7.53;4.99;23.23;9.49;6.87;1.62;7.93;9.4;66.1;5.21;1047.6;7
8.48;-44684;137.8;144.2;887.6;108301;1103;3365.5;7.42;4.56;22.46;9.45;6.62;1.86;7.92;9.1;66.1;4.81;932.1;7
8.31;-2534;138.2;144.7;897;108333;1079;3372.2;7.09;4.07;19.5;9.26;6.19;2.06;7.7;9.8;66;4.43;961.5;7.3
8.2;-15668;138.3;145.1;910.4;108367;1176;3381.2;7.03;3.8;18.79;9.13;6.24;2.07;7.58;9.5;66.3;4.03;867.8;7.3
8.29;-49180;138.6;145.4;925.2;108313;1250;3400;7.34;3.84;19.01;9.23;6.58;2.13;7.85;9.8;66.2;4.06;988.5;7.4
8.35;-50712;139.1;145.9;936.7;108360;1297;3403.9;7.54;4.04;18.92;9.25;6.95;1.85;7.97;9.7;66.4;3.98;1128.4;7.4
8.33;14603;139.4;146.3;943.8;108515;1099;3399.7;7.48;3.75;20.23;9.21;6.78;2.14;7.96;9.8;66.5;3.73;1144.9;7.4
8.28;-46773;139.7;146.8;950.6;108648;1214;3398.6;7.39;3.63;20.98;9.13;6.69;2.16;7.89;9.8;66.6;3.82;1169.7;7.6
8.22;3782;140.1;147.1;954.3;108717;1145;3393.4;7.26;3.66;22.39;9.05;6.48;2.21;7.84;10;66.7;3.76;1297;7.8
8.07;-43147;140.5;147.6;963.3;108799;1139;3393.9;6.84;3.21;21.78;8.84;5.84;2.48;7.6;9.5;66.7;3.25;1158.2;7.7
7.95;-24742;140.8;147.9;973.7;108922;1226;3398.8;6.59;3.13;21.34;8.65;5.6;2.4;7.39;9.6;66.6;3.3;1065.2;7.6
7.92;5310;141.1;148.1;988;108955;1186;3410.3;6.42;2.91;21.88;8.62;5.38;2.53;7.34;8.6;66.5;3.22;1095.4;7.6
7.99;-48792;141.7;148.8;1003.7;109135;1244;3423.8;6.59;2.86;21.69;8.84;5.6;2.51;7.53;7.9;66.2;3.1;1132.2;7.3
8.1;-32726;142.1;149.2;1015.7;109279;1214;3426.5;6.87;3.13;20.34;8.96;6.04;2.29;7.61;7.9;66.3;3.09;988.6;7.4
7.98;-38947;142.3;149.6;1024.9;109502;1227;3424.7;6.77;3.22;19.41;8.81;6.08;2.1;7.44;10.5;66.3;2.92;1070.7;7.4
7.91;29817;142.8;150.1;1030.4;109794;1210;3419.1;6.6;3;19.03;8.67;5.83;2.21;7.34;8.5;66.2;3.02;915.3;7.3
7.71;-48498;143.1;150.6;1033.5;110044;1210;3414.5;6.26;2.93;20.09;8.39;5.43;2.16;7.09;8.8;66.2;3.03;976.1;7.1
7.58;-43974;143.3;150.8;1038.4;109992;1083;3411.7;5.98;2.95;20.32;8.15;5.19;2.03;6.82;8.8;66.2;3.07;1228.9;7
7.46;7817;143.8;151.4;1047.6;110295;1258;3411.3;5.97;2.87;20.25;8.14;5.13;2.13;6.85;8.7;66.1;2.96;1273.5;7.1
7.43;-36963;144.2;151.8;1065.9;110570;1260;3436.9;6.04;2.96;19.95;8.21;5.2;2.06;6.92;8.2;66.4;3;1342.2;7.1
7.33;11099;144.3;152.1;1075.1;110751;1280;3442.4;5.96;3.07;19.09;8.07;5.22;1.8;6.81;7.7;66.5;3.04;1383.1;7
7.17;-39577;144.5;152.3;1084.6;111060;1254;3442;5.81;3.04;17.89;7.93;5.09;1.74;6.63;7.5;66.4;3.06;1266.9;6.9
6.85;-23078;144.8;152.8;1094.2;111209;1300;3445.7;5.68;3.02;18.01;7.6;5.03;1.68;6.32;7.6;66.4;3.03;1158.8;6.8
6.66;8517;145;152.9;1104.2;111455;1343;3452.2;5.36;2.95;17.5;7.34;4.73;1.51;6;6.8;66.2;3.09;1164.6;6.7
6.67;-45422;145.6;153.4;1113.1;111733;1392;3456.7;5.33;3.02;18.15;7.31;4.71;1.46;5.94;6.2;66.3;2.99;1182.5;6.8
6.93;-38381;146;153.9;1124.1;111989;1376;3470.1;5.72;3.1;16.61;7.66;5.06;1.56;6.21;6.2;66.3;3.02;1140.9;6.6
6.93;-7705;146.3;154.3;1129.6;112323;1533;3474.5;5.77;3.06;14.52;7.69;5.15;1.56;6.25;9;66.4;2.96;1152.7;6.5
6.92;15248;146.3;154.5;1131.6;112598;1272;3474.9;5.75;2.98;15.03;7.65;5.09;1.61;6.29;7;66.6;3.05;1045.5;6.6
7.08;-41566;146.7;154.8;1136.3;112779;1337;3475.7;5.97;3.25;14.78;7.76;5.4;1.5;6.49;6.4;66.6;3.25;1170.9;6.6
7.48;-32315;147.1;155.3;1140.1;113240;1564;3480.1;6.48;3.5;14.68;8.13;5.94;1.48;6.91;6.7;66.5;3.34;1472.2;6.5
7.88;17454;147.2;155.5;1141.1;113587;1465;3481.3;6.97;3.68;16.42;8.52;6.52;1.42;7.27;6.3;66.5;3.56;1337.9;6.4
7.99;-32057;147.5;155.9;1143.3;113923;1526;3490.8;7.18;4.14;17.89;8.62;6.78;1.21;7.41;7.5;66.6;4.01;1382.1;6.1
7.97;14850;147.9;156.4;1145.2;114237;1409;3479.5;7.1;4.14;19.06;8.65;6.7;1.17;7.4;6.8;66.4;4.25;1479.6;6.1
8.11;-33198;148.4;156.7;1150.7;114607;1439;3488.2;7.3;4.33;19.66;8.8;6.91;1.17;7.58;6.9;66.4;4.26;1219.5;6.1
8.07;-24275;149;157.1;1150.6;114899;1450;3485.7;7.24;4.48;18.38;8.74;6.88;1.06;7.49;6.4;66.6;4.47;1329.3;6
8.34;4266;149.3;157.5;1151.9;115254;1474;3486.1;7.46;4.62;17.45;8.98;7.08;1.07;7.71;6.7;66.6;4.73;1252.1;5.9
8.57;-31343;149.4;157.8;1150.2;115457;1450;3484.3;7.74;4.95;17.72;9.2;7.4;1.01;7.94;7;66.7;4.76;1291.8;5.8
8.68;-37243;149.8;158.2;1150.9;115872;1511;3487.2;7.96;5.29;18.07;9.32;7.72;0.81;8.08;6.9;66.7;5.29;1197.9;5.6
8.46;-4803;150.1;158.3;1150.7;116174;1455;3486.4;7.81;5.6;17.16;9.1;7.78;0.22;7.87;7;66.7;5.45;1218.9;5.5
8.46;15634;150.5;159;1151.4;116504;1407;3492.4;7.78;5.71;18.04;9.08;7.76;0.27;7.85;7.3;66.8;5.53;1031.5;5.6
8.26;-38357;150.9;159.4;1147.4;116692;1316;3489.9;7.47;5.77;18.57;8.85;7.37;0.36;7.61;7.7;66.8;5.92;1128.7;5.4
8.12;-50544;151.2;159.9;1146.7;116907;1249;3491.1;7.2;5.73;18.54;8.7;7.05;0.42;7.45;7.4;66.7;5.98;1403.3;5.4
8.03;49722;151.8;160.4;1149.3;117065;1267;3499.2;7.06;5.65;19.9;8.6;6.86;0.49;7.36;6.8;66.9;6.05;1216;5.8
7.65;-39555;152.1;160.7;1145.3;117050;1314;3524.2;6.63;5.67;19.74;8.2;6.41;0.46;6.95;7;66.5;6.01;1427.5;5.6
7.3;12813;152.4;161.1;1144.2;117285;1281;3548.9;6.17;5.47;18.45;7.9;5.93;0.45;6.57;6.5;66.5;6;1477.2;5.6
7.41;-13582;152.6;161.4;1145.5;117377;1461;3567.4;6.28;5.42;17.33;8.04;6.01;0.5;6.72;6.9;66.6;5.85;1255.3;5.7
7.57;-33849;152.9;161.8;1145.4;117639;1416;3589;6.49;5.4;18.02;8.19;6.24;0.51;6.86;6.6;66.6;5.74;1365.2;5.7
7.32;7191;153.1;162.2;1142;117880;1369;3602.1;6.2;5.28;18.23;7.93;6;0.39;6.55;6.6;66.6;5.8;1214.4;5.6
7.12;-22758;153.5;162.7;1137.3;118029;1369;3613.4;6.04;5.28;17.43;7.75;5.86;0.34;6.37;7;66.6;5.76;1226;5.5
7.02;-38452;153.7;163;1134.1;118168;1452;3619.9;5.93;5.36;17.99;7.68;5.69;0.45;6.26;6.4;66.5;5.8;1169.1;5.6
6.82;5283;153.9;163.1;1127.5;118325;1431;3629.5;5.71;5.14;19.03;7.49;5.51;0.39;6.06;6;66.4;5.6;1202.6;5.6
6.81;19456;154.7;163.7;1123.5;118318;1467;3647.9;5.65;5;18.86;7.47;5.36;0.54;6.05;6.5;66.4;5.56;1050.6;5.6
6.99;-44346;155;164;1118.5;118734;1491;3661.8;5.81;4.83;19.09;7.63;5.38;0.78;6.24;6.6;66.6;5.22;1237.9;5.5
7.35;-47071;155.5;164.4;1122.6;118990;1424;3686.9;6.27;4.96;21.33;8.03;5.97;0.61;6.6;6.4;66.6;5.31;1404.4;5.5
7.5;72404;156.1;164.6;1124.8;119156;1516;3697.7;6.51;4.95;23.5;8.19;6.3;0.55;6.79;5.5;66.7;5.22;1359.3;5.6
7.62;-53051;156.4;165;1116.5;119489;1504;3709.6;6.74;5.02;21.17;8.3;6.48;0.64;6.93;6.5;66.7;5.24;1522.9;5.6
7.71;34340;156.7;165.4;1115.2;119770;1467;3722.5;6.91;5.09;20.42;8.4;6.69;0.61;7.06;6.9;66.7;5.27;1404.2;5.3
7.65;-26856;157;165.7;1112.4;120015;1472;3737.1;6.87;5.15;21.3;8.35;6.64;0.6;7.03;6.5;66.9;5.4;1317.3;5.5
7.46;-41831;157.2;166;1101.6;120201;1557;3744;6.64;5.05;21.9;8.18;6.39;0.61;6.84;6.4;66.7;5.22;1333.4;5.1
7.66;35257;157.7;166.5;1096.2;120402;1475;3753.4;6.83;5.09;23.97;8.35;6.6;0.6;7.03;6.4;66.9;5.3;1231.4;5.2
7.39;-39805;158.2;166.8;1085.7;120663;1392;3772.8;6.53;4.99;24.88;8.07;6.27;0.62;6.81;6.1;67;5.24;1296.6;5.2
7.1;-37878;158.7;167.2;1083.5;120949;1489;3795.1;6.2;5.03;23.71;7.79;5.97;0.5;6.48;6.2;67;5.31;1146.4;5.4
7.2;18490;159.1;167.4;1081.3;121145;1370;3818.6;6.3;4.91;25.23;7.89;6.07;0.52;6.55;6.1;67;5.29;1151.8;5.4
7.42;13364;159.4;167.8;1081.2;121363;1355;3834.6;6.58;5.03;25.13;8.09;6.33;0.57;6.83;5.9;67;5.25;1114.6;5.3
7.31;-44010;159.7;168.1;1078.8;121675;1486;3846.3;6.42;5.01;22.18;7.94;6.2;0.52;6.69;6;66.9;5.19;1177.4;5.2
7.55;-21323;159.8;168.4;1072.5;121989;1457;3861.2;6.69;5.14;20.97;8.18;6.54;0.47;6.93;6.1;67.1;5.39;1425.9;5.2
7.73;93939;159.9;168.9;1063.9;122284;1492;3877;6.89;5.16;19.7;8.34;6.76;0.44;7.09;6.2;67.1;5.51;1310.3;5.1
7.58;-48494;159.9;169.2;1063.8;122551;1442;3889.2;6.71;5.05;20.82;8.2;6.57;0.43;6.94;6.5;67.1;5.5;1435.8;4.9
7.41;54635;160.2;169.4;1066.1;122816;1494;3906;6.49;4.93;19.26;8.02;6.38;0.4;6.77;6.3;67.1;5.56;1355;5
7.14;-25624;160.4;169.7;1065.5;123112;1437;3923.9;6.22;5.05;19.66;7.75;6.12;0.33;6.51;5.8;67.2;5.52;1376.6;4.9
7.22;-35189;160.8;169.8;1075.3;123092;1390;3957.4;6.3;5.14;19.95;7.82;6.16;0.36;6.58;5.7;67.2;5.54;1348.2;4.8
7.15;49940;161.2;170.2;1066.9;123577;1546;3973.1;6.21;4.95;19.8;7.7;6.11;0.33;6.5;5.9;67.1;5.54;1238.5;4.9
7;-35968;161.5;170.6;1065.6;123924;1520;3992.3;6.03;4.97;21.33;7.57;5.93;0.26;6.33;5.9;67.1;5.5;1282;4.7
6.87;-17349;161.7;170.8;1070.9;124229;1510;4014.8;5.88;5.14;20.19;7.42;5.8;0.17;6.11;6.1;67.2;5.52;1146.1;4.6
6.76;13639;161.8;171.2;1072.3;124551;1566;4032.9;5.81;5.16;18.33;7.32;5.77;0.09;5.99;6.1;67.2;5.5;1287.7;4.7
6.61;25379;162;171.6;1074;124813;1525;4056.2;5.54;5.04;16.72;7.19;5.42;0.18;5.81;7;67.1;5.56;1044.1;4.6
6.67;-41750;162;171.9;1077.8;125019;1584;4088.9;5.57;5.09;16.06;7.25;5.49;0.15;5.89;7;67.1;5.51;1173;4.6
6.72;-13813;162;172.2;1076.9;125164;1567;4114.3;5.65;5.03;15.12;7.32;5.61;0.09;5.95;7.1;67.1;5.49;1405.5;4.7
6.69;124603;162.2;172.5;1076.5;125447;1540;4140.2;5.64;4.95;15.35;7.33;5.61;0.08;5.92;6.9;67;5.45;1390.9;4.3
6.69;-38779;162.6;172.9;1079.1;125847;1536;4164.4;5.65;5;14.91;7.3;5.63;0.06;5.93;6.6;67;5.49;1543.9;4.4
6.53;51106;162.8;173.2;1076.3;126078;1641;4184.1;5.5;4.98;13.72;7.13;5.52;-0.02;5.7;6.5;67;5.56;1606.6;4.5
6.55;-24084;163.2;173.5;1075.1;126208;1698;4203.8;5.46;4.96;14.17;7.15;5.46;0;5.68;6.6;67;5.54;1264.9;4.5
6.52;-11166;163.4;174;1075.9;126547;1614;4228.7;5.34;4.9;13.47;7.14;5.27;0.07;5.54;6.5;67;5.55;1265.1;4.5
6.4;37425;163.5;174.2;1079.9;126745;1582;4267.6;4.81;4.61;15.03;7.09;4.62;0.14;5.2;6.1;67.2;5.51;1314.4;4.6
6.37;-32440;163.9;174.4;1086;126950;1715;4307.7;4.53;3.96;14.46;7.18;4.18;0.44;5.01;5.9;67.2;5.07;1407.5;4.5
6.41;-16937;164.1;174.8;1094.9;127224;1660;4346.4;4.83;4.41;13;7.34;4.54;0.29;5.25;6;67.1;4.83;1176.4;4.4
6.22;-5156;164.4;175.4;1095;127599;1792;4375.2;4.65;4.39;11.35;7.23;4.45;0.14;5.06;5.5;67.2;4.68;1375;4.4
6.24;70505;164.7;175.6;1098.1;127704;1748;4402.6;4.72;4.34;12.52;7.29;4.6;0.1;5.16;6.1;67.2;4.63;1123.7;4.3
6.4;-42337;164.7;175.6;1096.7;128118;1670;4425.3;5;4.44;12.01;7.39;4.91;0.12;5.37;6;67.2;4.76;1325.7;4.4
6.62;-22409;164.8;175.7;1096.6;128234;1710;4432.1;5.23;4.44;14.68;7.53;5.14;0.18;5.58;5.6;67;4.81;1580.2;4.2
6.64;113459;165.9;176.3;1101.6;128598;1553;4460.7;5.18;4.29;17.31;7.48;5.08;0.2;5.55;4.7;67.1;4.74;1451.7;4.3
6.93;-23969;166;176.5;1103.8;128810;1611;4485.3;5.54;4.5;17.72;7.72;5.44;0.29;5.81;4.4;67.1;4.74;1632.6;4.2
7.23;53568;166;176.6;1099.8;129088;1559;4507.2;5.9;4.57;17.92;8.02;5.81;0.28;6.04;4.3;67.1;4.76;1651.4;4.3
7.19;-25164;166.7;177.1;1099.1;129422;1669;4534.5;5.79;4.55;20.1;7.95;5.68;0.24;5.98;4.4;67.1;4.99;1529;4.3
7.4;-2803;167.1;177.3;1099.2;129569;1648;4551.7;5.94;4.72;21.28;8.15;5.84;0.26;6.07;4.3;67;5.07;1523.6;4.2
7.39;58042;167.8;177.8;1096.5;129781;1635;4567.7;5.92;4.68;23.8;8.2;5.8;0.26;6.07;3.7;67;5.22;1442.5;4.2
7.55;-26326;168.1;178.1;1103.3;130179;1608;4591.5;6.11;4.86;22.69;8.38;6.03;0.25;6.26;4;67;5.2;1396.8;4.1
7.36;-27031;168.4;178.4;1110.7;130466;1648;4610.5;6.03;5.07;25;8.15;5.97;0.17;6.15;4.1;67.1;5.42;1317.2;4.1
7.55;33081;168.8;178.7;1122.2;130780;1708;4638;6.28;5.2;26.1;8.19;6.19;0.18;6.35;3.7;67.1;5.3;1440.6;4
7.78;62152;169.3;179.3;1122.1;131009;1636;4666.2;6.66;5.32;27.26;8.33;6.58;0.22;6.63;4.5;67.3;5.45;1239.3;4
7.68;-41734;170;179.4;1108.6;131120;1737;4679.4;6.52;5.55;29.37;8.29;6.68;-0.09;6.23;4;67.3;5.73;1539.3;4.1
7.68;-35380;171;180;1107.5;131605;1604;4710.2;6.26;5.69;29.84;8.37;6.5;-0.27;6.05;3.8;67.3;5.85;1713;4
7.64;159497;170.9;180.3;1115.6;131884;1626;4766.1;5.99;5.66;25.72;8.4;6.26;-0.41;5.85;4.3;67.3;6.02;1538.9;3.8
7.99;-3611;171.2;180.7;1104.9;132106;1575;4753.9;6.44;5.79;28.79;8.9;6.69;-0.37;6.15;4.3;67.1;6.27;1664.9;4
7.67;55888;172.2;181.1;1102.6;132060;1559;4771.8;6.1;5.69;31.82;8.48;6.3;-0.38;5.93;4.3;67.1;6.53;1662.7;4
7.65;5061;172.7;181.5;1103.5;132226;1463;4789.4;6.05;5.96;29.7;8.35;6.18;-0.29;5.85;4.7;66.9;6.54;1468.6;4
7.55;-10427;172.7;181.9;1100.2;132231;1541;4817.5;5.83;6.09;31.26;8.26;6.06;-0.4;5.72;4.8;66.9;6.5;1578.8;4.1
7.62;65747;173.6;182.3;1099.7;132356;1507;4853.2;5.8;6;33.88;8.35;5.93;-0.28;5.83;4.1;66.9;6.52;1506.3;3.9
7.55;-11321;173.9;182.6;1098.7;132352;1549;4869.2;5.74;6.11;33.11;8.34;5.78;-0.17;5.8;4.3;66.8;6.51;1367.7;3.9
7.45;-23690;174.2;183.1;1092.4;132553;1551;4880.3;5.72;6.17;34.42;8.28;5.7;-0.16;5.78;4.3;66.9;6.51;1260.9;3.9
7.21;32666;174.6;183.3;1088.6;132718;1532;4925;5.24;5.77;28.44;8.02;5.17;-0.11;5.49;4.1;67;6.4;1271.2;3.9
7.15;76379;175.6;183.9;1096.7;132698;1600;4975.7;5.16;5.15;29.59;7.93;4.86;0.4;5.54;4.5;67.2;5.98;1196.3;4.2
7.1;-48168;176;184.4;1101.2;132785;1625;5014.1;5.1;4.88;29.61;7.87;4.89;0.44;5.45;4.6;67.1;5.49;1381.5;4.2
6.98;-50662;176.1;184.7;1108.9;132753;1590;5072;4.89;4.42;27.25;7.84;4.64;0.55;5.34;4.9;67.2;5.31;1627.8;4.3
7.2;189796;176.4;185.1;1116.7;132456;1649;5135.9;5.14;3.87;27.49;8.07;4.76;0.91;5.65;4.8;66.9;4.8;1377;4.4
7.29;-27919;177.3;185.3;1118.5;132412;1605;5133;5.39;3.62;28.63;8.07;4.93;1.13;5.78;4.3;66.7;4.21;1635.2;4.3
7.18;31862;177.7;186;1126.2;132296;1636;5173.5;5.28;3.49;27.6;7.97;4.81;1.2;5.67;4.2;66.7;3.97;1652.2;4.5
7.13;2820;177.4;186.4;1138.9;132171;1670;5203.4;5.24;3.51;26.43;7.97;4.76;1.2;5.61;5.4;66.8;3.77;1374.6;4.6
7.02;-79990;177.4;186.7;1150.2;132024;1567;5237.2;4.97;3.36;27.37;7.85;4.57;1.21;5.48;6.5;66.5;3.65;1478.2;4.9
7.17;35501;178.1;187.1;1205.7;131765;1562;5348.4;4.73;2.64;26.2;8.03;4.12;1.61;5.48;6.9;66.8;3.07;1312.5;5
7.03;-7656;177.6;187.4;1165.7;131452;1540;5337.1;4.57;2.16;22.17;7.91;3.91;1.84;5.32;2.9;66.7;2.49;1753.2;5.3
6.97;-54267;177.5;188.1;1171;131142;1602;5380.8;4.65;1.87;19.64;7.81;3.97;1.87;5.12;3.4;66.7;2.09;1347.9;5.5
6.77;26567;177.4;188.4;1183.2;130985;1568;5433.8;5.09;1.69;19.39;8.05;4.39;1.98;5.48;3.7;66.7;1.82;1336.1;5.7
6.55;43729;177.7;188.7;1190.7;130852;1698;5454.1;5.04;1.65;19.72;7.87;4.34;2.01;5.45;5.6;66.5;1.73;1129.999;5.7
6.51;-76056;178;189.1;1190.6;130732;1829;5483.4;4.91;1.72;20.72;7.89;4.3;1.89;5.45;5.4;66.8;1.74;1328.755;5.7
6.81;-64238;178.5;189.2;1193.3;130721;1642;5495.2;5.28;1.79;24.53;8.11;4.74;1.72;5.81;5.5;66.6;1.73;1541.215;5.7
6.76;67170;179.3;189.7;1186.9;130617;1592;5495.4;5.21;1.71;26.18;8.03;4.65;1.79;5.79;5.4;66.7;1.75;1471.801;5.9
6.75;-80631;179.5;190;1189.3;130633;1764;5521.5;5.16;1.73;27.04;8.09;4.49;1.9;5.76;6.1;66.7;1.75;1538.496;5.8
6.63;29071;179.6;190.2;1193.3;130683;1717;5546.5;4.93;1.7;25.52;7.95;4.19;1.94;5.68;6.1;66.6;1.75;1563.938;5.8
6.53;-29159;180;190.5;1199.1;130583;1655;5589.1;4.65;1.68;26.97;7.9;3.81;2.09;5.59;5.3;66.5;1.73;1551.996;5.8
6.37;-54709;180.5;191.1;1187.1;130587;1633;5631.6;4.26;1.62;28.39;7.58;3.29;2.13;5.28;5.2;66.6;1.74;1734.956;5.7
6.15;42388;180.8;191.3;1196.1;130498;1804;5656;3.87;1.63;29.66;7.4;2.94;1.87;4.96;5.8;66.7;1.75;1250.986;5.7
6.32;-54072;181.2;191.5;1204;130621;1648;5700.4;3.94;1.58;28.84;7.73;2.95;2.03;5.18;5.6;66.6;1.75;1331.09;5.7
6.31;-58883;181.5;191.9;1209.6;130618;1753;5750.6;4.05;1.23;26.35;7.62;3.05;2.13;5.18;5.6;66.4;1.34;1227.557;5.9
6.21;4719;181.8;192.1;1220.2;130470;1788;5772;4.03;1.19;29.46;7.45;3.03;2.19;5.13;5.3;66.3;1.24;1467.708;6
6.17;10633;182.6;192.4;1227.3;130579;1853;5804.6;4.05;1.17;32.95;7.35;3.05;2.31;5.14;5.3;66.4;1.24;1108.279;5.8
5.95;-96663;183.6;192.5;1238.2;130443;1629;5840.7;3.9;1.17;35.83;7.06;2.9;2.27;5.02;5.2;66.4;1.26;1237.619;5.9
5.89;-58877;183.9;192.5;1239.3;130233;1726;5861.4;3.81;1.13;33.51;6.95;2.78;2.24;5.03;4.9;66.3;1.25;1474.819;5.9
5.74;51066;183.2;192.5;1250;130176;1643;5898.8;3.96;1.13;28.17;6.85;2.93;2.34;5.13;5;66.4;1.26;1436.733;6
5.22;-88867;182.9;192.9;1268.8;130197;1751;5959.3;3.57;1.07;28.11;6.38;2.52;2.15;4.76;5.3;66.4;1.26;1601.145;6.1
4.97;21230;183.1;193;1281;130192;1867;5996;3.33;0.92;30.66;6.19;2.27;2.1;4.62;5.1;66.5;1.22;1502.328;6.3
5.49;-54240;183.7;193.4;1287.5;130183;1897;6042.7;3.98;0.9;30.76;6.62;2.87;2.51;5.13;5.9;66.2;1.01;1538.781;6.2
5.88;-76587;184.5;193.6;1296.4;130153;1833;6100.8;4.45;0.95;31.57;7.01;3.37;2.59;5.45;5.7;66.1;1.03;1656.167;6.1
5.72;23402;185.1;193.7;1297.2;130252;1939;6072.8;4.27;0.94;28.31;6.79;3.18;2.56;5.28;4.9;66.1;1.01;1329.499;6.1
5.7;-69545;184.9;194;1297.8;130439;1967;6063.6;4.29;0.92;30.34;6.73;3.19;2.54;5.3;5;66.1;1.01;1333.497;6
5.65;-42971;185;194;1299.1;130482;2083;6069.1;4.3;0.93;31.11;6.66;3.29;2.37;5.25;5;66.1;1;1285.36;5.8
5.62;-17640;185.5;194.2;1306.2;130595;2057;6067.3;4.27;0.9;32.13;6.6;3.27;2.36;5.21;5;65.9;0.98;1463.264;5.7
5.54;-1633;186.3;194.6;1306;130765;1911;6075.5;4.15;0.88;34.31;6.44;3.12;2.39;5.13;4.6;66.1;1;1149.668;5.7
5.5;-96701;186.7;194.9;1321.4;130822;1846;6114.3;4.08;0.93;34.69;6.27;3.07;2.34;5.08;4.6;66;1.01;1303.718;5.6
5.33;-72913;187.1;195.5;1328.7;131139;1998;6150.1;3.83;0.94;36.74;6.11;2.79;2.25;4.9;4.5;66;1;1540.321;5.8
5.73;17578;187.4;195.9;1332.8;131410;2003;6191.2;4.35;0.94;36.75;6.46;3.39;2.28;5.28;4.9;65.9;1;1455.643;5.6
6.04;-62463;188.2;196.2;1333.3;131694;1981;6268.1;4.72;1.02;40.28;6.75;3.85;2.19;5.51;4.8;66;1;1660.854;5.6
6.01;19124;188.9;196.6;1342.7;131789;1828;6270.5;4.73;1.27;38.03;6.78;3.93;1.97;5.48;5.4;66.1;1.03;1480.758;5.6
5.82;-69160;189.1;196.8;1340.8;131849;2002;6284.3;4.5;1.33;40.78;6.62;3.69;1.86;5.31;4.7;66.1;1.26;1589.173;5.5
5.65;-41132;189.2;196.9;1354.3;131936;2024;6310.6;4.28;1.48;44.9;6.46;3.47;1.77;5.15;4.7;66;1.43;1463.409;5.4
5.46;24611;189.8;197.5;1362.5;132082;1905;6345.3;4.13;1.65;45.94;6.27;3.36;1.6;4.98;4.1;65.8;1.61;1470.081;5.4
5.47;-56618;190.8;197.9;1362.3;132433;2072;6373.3;4.1;1.76;53.28;6.21;3.35;1.52;4.94;3.9;65.9;1.76;1370.093;5.5
5.52;-57170;191.7;198.3;1374.2;132509;1782;6399.8;4.19;2.07;48.47;6.2;3.53;1.34;4.95;3.4;66;1.93;1231.197;5.4
5.47;-2561;191.7;198.6;1376;132633;2042;6418.3;4.23;2.19;43.15;6.15;3.6;1.22;4.91;6.2;65.9;2.16;1583.603;5.4
5.36;8106;191.6;199;1367.1;132778;2144;6424.5;4.22;2.33;46.84;6.02;3.71;1;4.77;2.7;65.8;2.28;1095.851;5.3
5.2;-113789;192.4;199.4;1371.1;133033;2207;6432.8;4.17;2.54;48.15;5.82;3.77;0.79;4.56;2.3;65.9;2.5;1286.074;5.4
5.4;-71724;193.1;200.1;1370.9;133153;1864;6441.9;4.5;2.74;54.19;6.06;4.17;0.77;4.77;2.5;65.9;2.63;1615.983;5.2
5.33;57924;193.7;200.2;1358.4;133516;2061;6455.9;4.34;2.78;52.98;6.05;4;0.69;4.65;2.1;66.1;2.79;1542.051;5.2
5.15;-36190;193.6;200.5;1366;133687;2025;6473.3;4.14;2.84;49.83;6.01;3.85;0.5;4.49;2.6;66.1;3;1537.321;5.1
4.96;22473;193.7;200.6;1380.1;133940;2068;6505.8;4;2.97;56.35;5.86;3.77;0.36;4.28;2;66.1;3.04;1720.006;5
5.06;-53395;194.9;200.9;1369;134297;2054;6537.4;4.18;3.22;59;5.95;3.98;0.31;4.38;1.4;66.1;3.26;1845.713;5
5.09;-51036;196.1;201.1;1377.8;134495;2095;6570.2;4.26;3.44;64.99;5.96;4.12;0.22;4.44;2;66.2;3.5;1524.158;4.9
5.13;35234;198.8;201.3;1378.6;134551;2151;6604.3;4.2;3.42;65.59;6.03;4.01;0.25;4.45;2;66.1;3.62;1366.93;5
5.35;-47277;199.1;202;1376.5;134644;2065;6638.6;4.46;3.71;62.26;6.3;4.33;0.19;4.64;2.3;66.1;3.78;1184.16;5
5.42;-83072;198.1;202.5;1376.1;135001;2147;6655;4.54;3.88;58.32;6.39;4.45;0.12;4.7;2.6;66;4;1200.786;5
5.37;10967;198.1;202.8;1374.3;135161;1994;6681.9;4.47;3.89;59.41;6.32;4.39;0.07;4.62;2.5;66;4.16;1525.713;4.9
5.29;20964;199.3;203.2;1379.5;135425;2273;6724.3;4.42;4.24;65.49;6.24;4.35;0.02;4.57;3;66;4.29;1176.162;4.7
5.35;-119237;199.4;203.6;1378.4;135731;2119;6748.6;4.57;4.43;61.63;6.27;4.57;-0.1;4.57;3.2;66.1;4.49;1298.13;4.8
5.53;-85281;199.7;204.3;1383.2;136040;1969;6762.9;4.72;4.51;62.69;6.41;4.72;-0.01;4.73;3.3;66.2;4.59;1576.647;4.7
5.84;118841;200.7;204.8;1381.4;136211;1821;6800.1;4.99;4.6;69.44;6.68;4.9;0.1;5.06;3.1;66.1;4.79;1489.804;4.7
5.95;-42907;201.3;205.4;1387.2;136247;1942;6806.9;5.11;4.72;70.84;6.75;5;0.14;5.2;2.9;66.1;4.94;1533.712;4.6
5.89;20517;201.8;205.9;1375.4;136328;1802;6844.9;5.11;4.79;70.95;6.78;5.07;-0.01;5.15;2.9;66.2;4.99;1545.268;4.6
5.85;-33164;202.9;206.3;1372.4;136522;1737;6886.3;5.09;4.95;74.41;6.76;5.04;-0.03;5.13;2.3;66.1;5.24;1531.114;4.7
5.68;-64717;203.8;206.8;1372.4;136688;1650;6917.1;4.88;4.96;73.04;6.59;4.82;-0.02;5;2.5;66.2;5.25;1530.014;4.7
5.51;56167;202.8;207.2;1364.4;136824;1720;6944.2;4.72;4.81;63.8;6.43;4.67;-0.05;4.85;2.4;66.1;5.25;1394.215;4.5
5.51;-49321;201.9;207.6;1370.3;136848;1491;6993.3;4.73;4.92;58.89;6.42;4.69;-0.07;4.85;2.4;66.2;5.25;1260.626;4.4
5.33;-73042;202;207.8;1370.8;137069;1570;7028.4;4.6;4.94;59.08;6.2;4.58;-0.14;4.69;2.7;66.3;5.25;1236.584;4.5
5.32;41961;203.1;208.1;1366.6;137253;1649;7071.6;4.56;4.85;61.96;6.22;4.53;-0.11;4.68;2.6;66.4;5.24;1476.413;4.4
5.4;38236;203.437;208.6;1371.7;137476;1409;7109.6;4.76;4.98;54.51;6.34;4.75;-0.12;4.85;2.4;66.4;5.25;1124.216;4.6
5.39;-119993;204.226;209.135;1363;137554;1480;7125.3;4.72;5.03;59.28;6.28;4.71;-0.13;4.82;2.8;66.3;5.26;1285.136;4.5
5.3;-96270;205.288;209.418;1366.5;137781;1495;7159.1;4.56;4.94;60.44;6.27;4.48;-0.01;4.72;3;66.2;5.26;1574.877;4.4
5.47;177674;205.904;209.747;1378;137843;1490;7231.3;4.69;4.87;63.98;6.39;4.59;0.02;4.87;3;65.9;5.25;1365.965;4.5
5.47;-67699;206.755;210.058;1380.9;137993;1415;7245.4;4.75;4.73;63.46;6.39;4.67;-0.02;4.9;2.8;66;5.25;1590.262;4.4
5.79;27481;207.234;210.392;1368.2;138072;1448;7278.6;5.1;4.61;67.49;6.7;5.03;0.12;5.2;2.7;66;5.25;1481.21;4.6
5.73;-36447;207.603;210.773;1371.8;138042;1354;7309;5;4.82;74.12;6.65;4.88;0.18;5.11;2.6;66;5.26;1331.024;4.7
5.79;-116973;207.667;211.119;1376.3;138017;1330;7385.1;4.67;4.2;72.36;6.65;4.43;0.36;4.93;2.2;65.8;5.02;1500.386;4.6
5.74;112866;208.547;211.554;1375.7;138103;1183;7403.2;4.52;3.89;79.92;6.59;4.2;0.51;4.79;2.3;66;4.94;1335.814;4.7
5.66;-56838;209.19;212.077;1379.4;138174;1264;7417.2;4.53;3.9;85.8;6.48;4.2;0.56;4.77;2.2;65.8;4.76;1256.533;4.7
5.44;-98238;210.834;212.66;1371.8;138292;1197;7441.8;4.15;3.27;94.77;6.4;3.67;0.81;4.52;1.9;66;4.49;1200.511;4.7
5.49;48261;211.445;213.168;1373.4;138398;1037;7471.6;4.1;3;91.69;6.65;3.49;0.98;4.53;2.4;66;4.24;1414.147;5
5.33;17839;212.174;213.771;1377.7;138399;1084;7505.5;3.74;2.75;92.97;6.54;2.98;1.26;4.33;2.6;66.2;3.94;1063.408;5
5.53;-175563;212.687;213.939;1380.4;138323;1103;7590.6;3.74;2.12;95.39;6.82;2.78;1.77;4.52;3;66;2.98;1196.431;4.9
5.51;-48212;213.448;214.42;1388.7;138255;1005;7656.2;3.51;1.26;105.45;6.89;2.48;1.89;4.39;2.9;66.1;2.61;1378.605;5.1
5.55;159282;213.942;214.56;1391.4;138038;1013;7699.2;3.68;1.29;112.58;6.97;2.84;1.63;4.44;2.4;65.9;2.28;1272.999;5
5.57;-165927;215.208;214.936;1393.4;137847;973;7711.2;3.88;1.73;125.4;6.93;3.15;1.43;4.6;6.8;66.1;1.98;1420.485;5.4
5.68;33547;217.463;215.424;1404.6;137689;1046;7728.9;4.1;1.86;133.88;7.07;3.49;1.33;4.69;4.6;66.1;2;1212.54;5.6
5.67;-102767;219.016;215.965;1421.1;137492;923;7775.4;4.01;1.63;133.37;7.16;3.3;1.44;4.57;3.6;66.1;2.01;1156.003;5.8
5.64;-111914;218.69;216.393;1407.4;137209;844;7790.2;3.89;1.72;116.67;7.15;3.14;1.47;4.5;3.1;66.1;2;1269.113;6.1
5.65;45734;218.877;216.713;1462;136758;820;7859.5;3.69;1.13;104.11;7.31;2.88;1.61;4.27;3.9;66;1.81;984.592;6.1
6.28;-155533;216.995;216.788;1473.8;136294;777;7965.3;3.81;0.67;76.61;8.88;2.73;2.2;4.17;4.9;66;0.97;859.026;6.5
6.12;-125201;213.153;216.947;1514.6;135546;652;8015.8;3.53;0.19;57.31;9.21;2.29;2.32;4;6;65.9;0.39;763.936;6.8
5.05;-51754;211.398;216.925;1601.7;134849;560;8192.1;2.42;0.03;41.12;8.43;1.52;1.6;2.87;5.8;65.8;0.16;916.12;7.3
5.05;-63457;211.933;217.346;1582.8;134069;490;8273.7;2.52;0.13;41.71;8.14;1.6;1.71;3.13;5.9;65.7;0.15;670.466;7.8
5.27;-193859;212.705;217.792;1567.2;133311;582;8303.1;2.87;0.3;39.09;8.08;1.87;1.89;3.59;5.4;65.8;0.22;701.635;8.3
5.5;-191589;212.495;218.253;1578.9;132493;505;8369.3;2.82;0.21;47.94;8.42;1.82;1.89;3.64;5.8;65.6;0.18;872.848;8.7
5.39;-20907;212.709;218.706;1611.6;131825;478;8372.9;2.93;0.16;49.65;8.39;1.86;2;3.76;6.5;65.7;0.15;832.588;9
5.54;-189651;213.022;218.904;1617.5;131470;540;8430.7;3.29;0.18;59.03;8.06;2.13;2.36;4.23;7.8;65.7;0.18;938.41;9.4
5.61;-94332;214.79;219.112;1658.8;131002;585;8440.5;3.72;0.18;69.64;7.5;2.71;2.54;4.52;6.1;65.7;0.21;874.874;9.5
5.41;-180680;214.726;219.263;1662.5;130661;594;8445.1;3.56;0.18;64.15;7.09;2.46;2.54;4.41;5.4;65.5;0.16;1011.769;9.5
5.26;-103555;215.445;219.496;1660;130480;586;8445;3.59;0.17;71.05;6.58;2.57;2.47;4.37;4.4;65.4;0.16;1274.678;9.6
5.13;-45207;215.861;219.92;1664.9;130240;585;8444.2;3.4;0.12;69.41;6.31;2.37;2.44;4.19;5.5;65.1;0.15;759.633;9.8
5.15;-176363;216.509;220.501;1677.7;130062;534;8471.1;3.39;0.07;75.72;6.29;2.33;2.44;4.19;5.1;65;0.12;853.942;10
5.19;-120287;217.234;220.666;1683;130059;588;8500.8;3.4;0.05;77.99;6.32;2.23;2.6;4.31;5.5;65;0.12;761.865;9.9
5.26;-91410;217.347;220.881;1692.8;129808;581;8496;3.59;0.05;74.47;6.37;2.34;2.72;4.49;5.4;64.6;0.12;1049.27;9.9
5.26;-42634;217.488;220.633;1674.7;129798;614;8458.1;3.73;0.06;78.33;6.25;2.48;2.8;4.6;5.6;64.8;0.11;712.469;9.8
5.35;-220909;217.281;220.731;1699.8;129700;604;8507.4;3.69;0.11;76.39;6.34;2.36;2.83;4.62;5.3;64.9;0.13;793.362;9.8
5.27;-65387;217.353;220.783;1711.9;129864;636;8504.5;3.73;0.15;81.2;6.27;2.43;2.77;4.64;5.3;64.9;0.16;1083.953;9.9
5.29;-82689;217.403;220.822;1699;130115;687;8535.2;3.85;0.16;84.29;6.25;2.58;2.79;4.69;6;65.2;0.2;997.334;9.9
4.96;-135927;217.29;220.962;1710.1;130645;583;8589.9;3.42;0.16;73.74;6.05;2.18;2.59;4.29;6.4;64.9;0.2;1117.57;9.6
4.88;-68422;217.199;221.194;1731.6;130501;536;8609;3.2;0.12;75.34;6.23;2;2.48;4.13;6.2;64.6;0.18;1000.455;9.4
4.72;-165043;217.605;221.363;1724;130420;546;8618.8;3.01;0.16;76.32;6.01;1.76;2.39;3.99;6.1;64.6;0.18;1065.748;9.4
4.49;-90526;217.923;221.509;1748.7;130424;599;8669.1;2.7;0.16;76.6;5.66;1.47;2.18;3.8;6.2;64.7;0.19;1011.564;9.5
4.53;-34607;218.275;221.711;1766.2;130339;594;8700.1;2.65;0.15;75.24;5.66;1.41;2.17;3.77;6.1;64.6;0.19;973.954;9.5
4.68;-140432;219.035;221.83;1780.4;130620;543;8749.4;2.54;0.13;81.89;5.72;1.18;2.16;3.87;5.9;64.4;0.19;965.135;9.4
4.87;-150394;219.59;222.149;1828.4;130754;545;8770;2.76;0.14;84.25;5.92;1.35;2.31;4.19;5.8;64.6;0.19;888.085;9.8
5.02;-78134;220.472;222.343;1836.7;130835;539;8801.8;3.29;0.14;89.15;6.1;1.93;2.67;4.42;6.2;64.3;0.18;1162.897;9.3
5.04;-49796;221.187;222.803;1846.3;130842;630;8823.1;3.39;0.15;89.17;6.09;1.99;2.78;4.52;6.6;64.2;0.17;836.366;9.1
5.22;-222507;221.898;223.213;1870.1;131052;517;8886.9;3.58;0.13;88.58;6.15;2.26;2.81;4.65;6.9;64.1;0.16;1007.082;9
5.13;-188154;223.046;223.454;1896.5;131277;600;8943.5;3.41;0.1;102.86;6.03;2.11;2.71;4.51;6.3;64.2;0.14;1276.843;9
5.16;-40387;224.093;223.727;1897;131604;554;9004.9;3.46;0.06;109.53;6.02;2.17;2.73;4.5;6.3;64.2;0.1;1173.52;9.1
4.96;-57641;224.806;224.175;1941.6;131704;561;9075.5;3.17;0.04;100.9;5.78;1.84;2.61;4.29;6.3;64.1;0.09;1081.272;9
4.99;-43080;224.806;224.697;1963.4;131936;608;9151;3;0.04;96.26;5.75;1.58;2.59;4.23;6.5;64;0.09;1071.229;9.1
4.93;-129376;225.395;225.218;1996;131991;623;9316.6;3;0.04;97.3;5.76;1.54;2.59;4.27;6.7;64;0.07;1086.064;9
4.37;-134143;226.106;225.862;2115.4;132124;585;9507.6;2.3;0.02;86.33;5.36;1.02;2.07;3.65;6.7;64.1;0.1;1094.479;9
4.09;-62750;226.597;226.118;2120;132345;650;9528.3;1.98;0.01;85.52;5.27;0.9;1.77;3.18;6.4;64.2;0.08;1076.037;9
3.98;-98466;226.75;226.506;2128.5;132557;610;9562.1;2.15;0.02;86.32;5.37;1.06;1.87;3.13;6.3;64.1;0.07;1048.258;8.8
3.87;-137302;227.169;226.899;2182;132701;711;9612.6;2.01;0.01;97.16;5.14;0.91;1.76;3.02;6.4;64.1;0.08;1028.774;8.6
3.93;-85967;227.223;227.405;2165.7;132901;694;9660.1;1.98;0.01;98.56;5.25;0.89;1.72;2.98;7.2;64;0.07;1268.462;8.5
3.85;-27407;227.842;227.877;2201.8;133246;723;9733.3;1.97;0.03;100.27;5.23;0.84;1.73;3.03;7.4;63.7;0.08;938.17;8.3
3.85;-231677;228.329;228.034;2207.1;133518;704;9785.7;1.97;0.09;102.2;5.14;0.83;1.69;3.11;7.3;63.8;0.1;1175.82;8.3
3.99;-198157;228.807;228.478;2227.8;133744;695;9830.6;2.17;0.08;106.16;5.23;1.02;1.83;3.28;7.6;63.8;0.13;1434.004;8.2
3.96;59117;229.187;228.905;2237.3;133827;753;9884.6;2.05;0.08;103.32;5.19;0.89;1.76;3.18;7.9;63.7;0.14;1204.471;8.2
3.8;-124636;228.713;229.224;2256.2;133935;708;9928.4;1.8;0.09;94.66;5.07;0.76;1.51;2.93;7.9;63.7;0.16;1369.493;8.2
3.64;-59741;228.524;229.623;2275.3;134007;757;9999.3;1.62;0.09;82.3;5.02;0.71;1.33;2.7;7.9;63.8;0.16;1310.158;8.2
3.4;-69604;228.59;229.97;2315;134153;740;10051.8;1.53;0.1;87.9;4.87;0.62;1.28;2.59;7;63.7;0.16;1171.809;8.2
3.48;-190533;229.918;230.233;2354.1;134330;754;10121.3;1.68;0.1;94.13;4.91;0.71;1.41;2.77;6.7;63.5;0.13;1305.342;8.1
3.49;75180;231.015;230.659;2386.6;134512;847;10200.8;1.72;0.11;94.51;4.84;0.67;1.46;2.88;7.2;63.6;0.14;1206.182;7.8
3.47;-119995;231.638;231.024;2420.1;134671;915;10267.3;1.75;0.1;89.49;4.58;0.71;1.47;2.9;7.8;63.8;0.16;1119.148;7.8
3.5;-172112;231.249;231.33;2441.2;134834;833;10337.6;1.65;0.09;86.53;4.51;0.67;1.38;2.8;8.7;63.6;0.16;1169.803;7.7
3.65;-1191;231.221;231.725;2460.7;135075;976;10459.7;1.72;0.07;87.86;4.63;0.7;1.46;2.88;10.9;63.7;0.16;1375.084;7.9
3.8;2886;231.679;232.229;2476.7;135265;888;10482.9;1.91;0.07;94.76;4.73;0.81;1.64;3.08;4.9;63.7;0.14;1065.798;8
3.9;-203539;232.937;232.569;2468.9;135544;962;10501.3;1.98;0.1;95.31;4.85;0.85;1.71;3.17;4.7;63.4;0.15;1217.858;7.7
3.93;-106530;232.282;232.794;2476.3;135689;1010;10558.3;1.96;0.09;92.94;4.85;0.82;1.7;3.16;4.8;63.3;0.14;1479.427;7.5
3.73;112889;231.797;232.832;2504.9;135876;835;10586.3;1.76;0.06;92.02;4.59;0.71;1.53;2.93;5.1;63.4;0.15;1313.768;7.6
3.89;-138732;231.893;232.996;2523.5;136091;930;10621;1.93;0.04;94.51;4.73;0.84;1.68;3.11;5.3;63.4;0.11;1473.275;7.5
4.27;116501;232.445;233.35;2521;136269;839;10678.7;2.3;0.05;95.77;5.19;1.2;1.97;3.4;5.4;63.4;0.09;1425.802;7.5
4.34;-97597;232.9;233.88;2542.3;136391;880;10718.4;2.58;0.04;104.67;5.32;1.4;2.24;3.61;5.2;63.3;0.09;1335.833;7.3
4.54;-147905;233.456;234.336;2551.3;136635;917;10776.6;2.74;0.04;106.57;5.42;1.52;2.38;3.76;5.2;63.3;0.08;1527.483;7.2
4.64;75114;233.544;234.7;2585.5;136819;850;10837.2;2.81;0.02;106.29;5.47;1.6;2.41;3.79;5.3;63.2;0.08;1152.814;7.2
4.53;-90586;233.669;234.921;2631.2;137039;925;10961.6;2.62;0.05;100.54;5.31;1.37;2.28;3.68;4.7;62.8;0.09;1235.532;7.2
4.63;-135226;234.1;235.359;2638.8;137314;1100;10969.7;2.72;0.07;93.86;5.38;1.37;2.42;3.8;4.5;63;0.08;1271.446;6.9
4.62;53220;234.719;235.759;2674.2;137368;1002;11035;2.9;0.07;97.63;5.38;1.58;2.56;3.89;4.5;62.9;0.09;1383.676;6.7
4.49;-10250;235.288;235.961;2697.8;137552;888;11080.8;2.86;0.04;94.62;5.19;1.65;2.47;3.77;5.2;62.9;0.07;1043.019;6.6
4.45;-193532;235.547;236.185;2724;137707;944;11178.8;2.71;0.05;100.82;5.1;1.52;2.38;3.66;5.3;62.9;0.07;1221.37;6.7
4.38;-36895;236.028;236.625;2749.9;137986;970;11208.1;2.72;0.05;100.8;5.06;1.64;2.32;3.62;5.2;63.1;0.08;1562.748;6.7
4.24;106853;236.468;237.072;2770.5;138298;1043;11257.7;2.71;0.03;102.07;4.9;1.7;2.29;3.52;5.4;62.8;0.09;1408.232;6.2
4.16;-129971;236.918;237.529;2787;138501;1007;11321;2.56;0.03;102.18;4.76;1.59;2.17;3.39;5.6;62.9;0.09;1644.367;6.3
4.25;70519;237.231;237.837;2821.8;138833;911;11374.9;2.6;0.04;105.79;4.8;1.68;2.15;3.42;5.6;62.8;0.1;1451.814;6.1
4.16;-94621;237.498;238.195;2841.4;139076;1085;11429.9;2.54;0.03;103.59;4.73;1.7;2.03;3.33;5.5;62.9;0.09;1473.962;6.2
4.08;-128677;237.46;238.405;2801.4;139258;984;11458.9;2.42;0.03;96.54;4.69;1.63;1.95;3.2;5.3;62.9;0.09;1607.315;6.1
4.11;105803;237.477;238.786;2866.2;139563;1023;11499.8;2.53;0.02;93.21;4.8;1.77;1.96;3.26;5.5;62.8;0.09;1272.036;5.9
3.92;-121713;237.43;239.191;2876.9;139805;1074;11566;2.3;0.02;84.4;4.69;1.55;1.85;3.04;5.4;62.9;0.09;1312.329;5.7
3.92;-56818;236.983;239.458;2892.6;140089;1001;11604.8;2.33;0.02;75.79;4.79;1.62;1.8;3.04;5.6;62.9;0.09;1324.117;5.8
3.79;1864;236.252;239.584;2947.3;140366;1073;11684.9;2.21;0.03;59.29;4.74;1.64;1.57;2.83;6;62.8;0.12;1538.534;5.6
3.46;-14996;234.747;239.811;2939.7;140562;1085;11745.6;1.88;0.03;47.22;4.45;1.37;1.33;2.46;6.3;62.9;0.11;1178.448;5.7
3.61;-192359;235.342;240.172;3004.9;140829;886;11879;1.98;0.02;50.58;4.51;1.47;1.36;2.57;6.4;62.7;0.11;1285.772;5.5
3.64;-52910.05993036;235.976;240.755;2997.7;140924;960;11886.8;2.04;0.03;47.82;4.54;1.52;1.4;2.63;5.9;62.6;0.11;1580.393;5.4
3.52;156714.07843925;236.222;241.346;2996.9;141202;1190;11928.9;1.94;0.02;54.45;4.48;1.35;1.4;2.59;5.9;62.8;0.12;1480.427;5.4
3.98;-82385.27841904;237.001;241.688;2979.8;141540;1079;11957.9;2.2;0.02;59.27;4.89;1.54;1.59;2.96;5.8;62.9;0.12;1669.661;5.6
4.19;51775.76400154;237.657;242.064;3018;141695;1205;12001.7;2.36;0.02;59.82;5.13;1.68;1.67;3.11;5.7;62.7;0.13;1519.734;5.3
4.15;-149186.76611285;238.034;242.565;3039.6;141989;1146;12051.3;2.32;0.03;50.9;5.2;1.63;1.65;3.07;5.6;62.6;0.13;1547.741;5.2
4.04;-64420.51991251;238.033;242.817;3027;142130;1130;12101.9;2.17;0.07;42.87;5.19;1.54;1.47;2.86;5.6;62.6;0.14;1599.332;5.1
4.07;91060.53109438;237.498;243.316;3047;142265;1224;12160.8;2.17;0.02;45.48;5.34;1.49;1.46;2.95;5.8;62.4;0.14;1476.009;5
3.95;-136532.08481492;237.733;243.768;3022.3;142585;1058;12195.9;2.07;0.02;46.22;5.34;1.39;1.43;2.89;5.8;62.5;0.12;1487.551;5
4.06;-64552.91957894;238.017;244.241;3084.8;142810;1172;12284.6;2.26;0.12;42.44;5.46;1.67;1.38;3.03;5.6;62.5;0.12;1359.864;5.1
3.97;-14443.9438535;237.761;244.547;3100;143083;1146;12346.8;2.24;0.23;37.19;5.46;1.7;1.26;2.97;5.8;62.7;0.24;1672.392;5
4;55163.28851489;237.652;244.955;3095;143198;1092;12469.9;2.09;0.26;31.68;5.45;1.52;1.19;2.86;6.1;62.7;0.34;1189.3;4.8
3.96;-192614.00170636;237.336;245.51;3128;143410;1225;12556.7;1.78;0.31;30.32;5.34;1.22;1.05;2.62;5.6;62.8;0.38;1375;4.9
3.82;-108042.73073878;238.08;245.913;3153.7;143666;1111;12616.7;1.89;0.29;37.55;5.13;1.38;1.01;2.68;5.9;63;0.36;1615.066;5
3.62;106451.87183668;238.992;246.551;3198.5;143856;1163;12700.4;1.81;0.23;40.75;4.79;1.26;1.04;2.62;5.5;62.9;0.37;1525.166;5.1
3.65;-52507.41284454;239.557;247.137;3237.8;143901;1148;12766.2;1.81;0.27;46.71;4.68;1.3;0.99;2.63;5.3;62.7;0.37;1553.604;4.8
3.5;6251.98744016;240.222;247.54;3244.9;144152;1203;12829.4;1.64;0.27;48.76;4.53;1.17;0.91;2.45;4.9;62.7;0.38;1549.801;4.9
3.28;-112815.2385045;240.101;247.829;3245.3;144515;1239;12887.7;1.5;0.3;44.65;4.22;1.07;0.83;2.23;5.1;62.8;0.39;1547.629;4.8
3.32;-107111.57568004;240.545;248.423;3317.5;144664;1171;12972.8;1.56;0.3;44.72;4.24;1.13;0.82;2.26;5.1;62.9;0.4;1540.748;4.9
3.41;33359.49405496;241.176;248.842;3327.3;144961;1068;13033.6;1.63;0.29;45.18;4.31;1.18;0.86;2.35;5.1;62.9;0.4;1463.25;5
3.51;-44192.20097674;241.741;249.142;3333.5;145069;1313;13100.5;1.76;0.33;49.78;4.38;1.27;0.92;2.5;5.3;62.8;0.4;1398.361;4.9
3.86;-136650.57490356;242.026;249.481;3353.9;145189;1140;13173.4;2.14;0.45;45.66;4.71;1.6;1.16;2.86;5.4;62.7;0.41;1400.755;4.7
4.06;-27515.79855866;242.637;249.92;3345.6;145408;1252;13213.4;2.49;0.51;51.97;4.83;1.96;1.29;3.11;5;62.7;0.54;1719.627;4.7
3.92;51257.177643;243.618;250.467;3389.3;145639;1190;13283.4;2.43;0.51;52.5;4.66;1.92;1.22;3.02;5.3;62.8;0.65;1165.212;4.7
3.95;-192044.46533546;244.006;250.998;3400.4;145845;1271;13358.8;2.42;0.52;53.47;4.64;1.9;1.22;3.03;5.6;62.9;0.66;1353.163;4.6
4.01;-176232.32530805;243.892;250.944;3452.9;145975;1190;13426.9;2.48;0.74;49.33;4.68;2.01;1.17;3.08;5.6;62.9;0.79;1583.986;4.4
3.87;182428.05764871;244.193;251.227;3452.7;146172;1146;13484.9;2.3;0.8;51.06;4.57;1.82;1.06;2.94;5.7;63;0.9;1450.982;4.4
3.85;-88425.99436618;244.004;251.43;3517.6;146389;1157;13538.1;2.3;0.89;48.48;4.55;1.84;1;2.96;6.3;62.8;0.91;1545.127;4.4
3.68;-90233.19107067;244.163;251.746;3526.3;146588;1249;13559.2;2.19;0.98;45.18;4.37;1.77;0.85;2.8;6;62.8;1.04;1503.708;4.3
3.7;-42939.37760097;244.243;251.985;3548.6;146772;1206;13618.7;2.32;1.07;46.63;4.39;1.87;0.95;2.88;6;62.9;1.15;1442.074;4.3
3.63;-107688.77677988;245.183;252.535;3585.1;146907;1159;13673.7;2.21;1.01;48.04;4.31;1.78;0.87;2.8;6.1;62.9;1.16;1513.174;4.4
3.63;8000.08293523;246.435;252.812;3569.3;146999;1181;13717.9;2.2;1.03;49.82;4.3;1.8;0.82;2.78;5.9;63.1;1.15;1554.253;4.3
3.6;-63214.01796695;246.626;253.526;3604.4;147147;1257;13770.1;2.36;1.07;51.58;4.32;1.98;0.81;2.88;6;62.7;1.15;1386.79;4.2
3.57;-138547.43781759;247.284;253.816;3626.2;147377;1273;13799.9;2.35;1.23;56.64;4.27;2.05;0.65;2.8;5.6;62.7;1.16;1425.669;4.2
3.51;-23193.55948872;247.805;254.344;3618.8;147521;1177;13857.9;2.4;1.32;57.88;4.22;2.18;0.56;2.77;5;62.7;1.3;1640.989;4.1
3.55;49235.72070792;248.859;255.204;3650.7;147670;1299;13869.7;2.58;1.41;63.7;4.26;2.38;0.55;2.88;5.7;62.7;1.41;1182.612;4
3.82;-215248.1724224;249.529;255.711;3614;148058;1277;13912.3;2.86;1.57;62.23;4.51;2.6;0.68;3.13;5.8;63;1.42;1329.071;4.1
3.87;-208743.24980988;249.577;256.271;3667;148281;1318;13970.2;2.84;1.7;62.73;4.64;2.63;0.56;3.09;5.9;62.9;1.51;1688.494;4
3.85;214255.11366731;250.227;256.63;3660;148426;1276;13988.8;2.87;1.76;66.25;4.67;2.7;0.49;3.07;6;62.9;1.69;1392.164;4
4;-146796.44336556;250.792;257.145;3654.4;148755;1357;14047.2;2.98;1.86;69.98;4.83;2.82;0.47;3.13;6;62.9;1.7;1627.509;3.8
3.96;-74857.99046356;251.018;257.399;3654.5;148966;1192;14103.6;2.91;1.9;67.87;4.83;2.78;0.38;3.05;6.3;63;1.82;1587.643;4
3.87;-76865.22967062;251.214;257.699;3679.8;149022;1208;14139.2;2.89;1.96;70.98;4.79;2.78;0.28;3.01;6.5;63;1.91;1404.041;3.8
3.88;-214147.52548064;251.663;257.891;3690.4;149272;1288;14181.3;2.89;2.03;68.06;4.77;2.77;0.25;3.04;6.6;62.6;1.91;1528.37;3.8
3.98;119116.00888032;252.182;258.368;3700.1;149361;1250;14212.9;3;2.13;70.23;4.88;2.89;0.23;3.15;6.8;62.8;1.95;1475.854;3.7
4.14;-100491.14254473;252.772;258.917;3724.9;149526;1221;14222.5;3.15;2.25;70.75;5.07;3;0.29;3.34;6.7;62.9;2.19;1406.915;3.8
4.22;-204902.55739878;252.594;259.439;3700.9;149622;1181;14236.8;3.12;2.33;56.96;5.22;2.95;0.26;3.36;6.5;62.9;2.2;1423.054;3.8
4.02;-13539.35862905;252.767;260.063;3773;149805;1095;14362.7;2.83;2.37;49.52;5.13;2.68;0.15;3.1;8.4;63;2.27;1667.077;3.9
3.93;8682.86661098;252.718;260.686;3745;150114;1232;14430;2.71;2.37;51.38;5.12;2.54;0.17;3.04;8.2;63.1;2.4;1172.004;4
3.79;-233977.2488268;253.322;261.067;3752.1;150092;1128;14469.9;2.68;2.39;54.95;4.95;2.49;0.18;3.02;8.5;63.1;2.4;1288.921;3.8
3.77;-146944.76565389;254.202;261.537;3736.9;150320;1195;14509.9;2.57;2.4;58.15;4.84;2.37;0.16;2.98;7.9;63;2.41;1643.423;3.8
3.69;160304.50890986;255.211;261.976;3783.9;150563;1267;14541;2.53;2.38;63.86;4.7;2.33;0.19;2.94;7.7;62.9;2.42;1373.379;3.6
3.67;-207768.39134666;255.29;262.304;3788.2;150630;1307;14643.2;2.4;2.35;60.83;4.63;2.19;0.19;2.82;7.3;62.9;2.39;1628.757;3.7
3.42;-8476.31845422;255.159;262.859;3828.4;150797;1228;14757.7;2.07;2.17;54.66;4.46;1.83;0.26;2.57;7.1;63;2.38;1555.493;3.6
3.29;-119695.80619346;255.685;263.313;3860.3;150879;1245;14840.6;2.06;2.1;57.35;4.28;1.83;0.22;2.57;6.8;63.1;2.4;1444.447;3.7
2.98;-200344.34892913;256.059;263.975;3855.3;151111;1367;14914.6;1.63;1.95;54.81;3.87;1.49;0.06;2.12;7;63.1;2.13;1685.949;3.7
3.03;82767.65846478;256.511;264.425;3899.5;151318;1300;15008.1;1.7;1.89;56.95;3.91;1.57;0.05;2.16;7.2;63.2;2.04;1316.202;3.5
3.01;-134467.56493381;257.244;264.94;3933.1;151447;1332;15140.8;1.71;1.65;53.96;3.92;1.53;0.16;2.19;7.3;63.3;1.83;1381.028;3.6
3.06;-208838.29445674;257.803;265.484;3949.5;151662;1346;15242.2;1.81;1.54;57.03;3.94;1.64;0.2;2.28;7.1;63.3;1.55;1439.322;3.6
3.01;-13272.55731642;258.616;265.924;4021.2;151764;1551;15320.7;1.86;1.54;59.88;3.88;1.68;0.25;2.3;6.4;63.3;1.55;1559.229;3.6
2.94;-32593.28000764;259.037;266.626;3978.6;152098;1572;15396;1.76;1.52;57.52;3.77;1.56;0.24;2.22;7.2;63.3;1.55;1168.457;3.5
2.78;-235335.21387457;259.248;267.283;3981.4;152371;1565;15450.3;1.5;1.52;50.54;3.61;1.32;0.17;1.97;7.7;63.3;1.58;1383.714;3.5
3.02;-119125.16471802;258.124;267.09;4261;150944;1267;15978.7;0.87;0.29;29.21;4.29;0.59;0.42;1.46;12.5;62.6;0.65;1023.317;4.4
2.43;-737850.62107965;256.092;265.771;4794.5;130430;925;16997.6;0.66;0.14;16.55;4.13;0.39;0.44;1.27;32;60.1;0.05;743.276;14.7
2.5;-398821.41365968;255.868;265.574;16244.2;133055;1054;17851.1;0.67;0.13;28.56;3.95;0.34;0.5;1.38;22.7;60.8;0.05;1142.705;13.2
2.44;-864074.06849171;256.986;265.952;16559.7;137620;1266;18131.7;0.73;0.16;38.31;3.64;0.34;0.55;1.49;18.4;61.5;0.08;1131.39;11
2.14;-62991.72639454;258.278;267.352;16767.2;139064;1529;18286.3;0.62;0.13;40.71;3.31;0.28;0.47;1.31;17.9;61.5;0.09;1268.455;10.2
2.25;-200095.01510766;259.411;268.469;16878.5;140799;1377;18346;0.65;0.1;42.34;3.27;0.27;0.51;1.36;14;61.7;0.1;1354.397;8.4
2.31;-124610.55841919;260.029;268.938;17158.6;141760;1463;18577.3;0.68;0.11;39.63;3.36;0.27;0.55;1.42;13.2;61.4;0.09;1379.676;7.9
2.35;-284070.53717284;260.286;269.236;17357.2;142479;1537;18729.1;0.79;0.1;39.4;3.44;0.34;0.64;1.57;12.8;61.7;0.09;1399.305;6.9
2.3;-145266.26352985;260.813;269.901;17609.1;142743;1545;18949.3;0.87;0.09;40.94;3.3;0.39;0.7;1.62;12.1;61.5;0.09;1235.258;6.7
2.26;-143562.32743913;262.035;270.267;17827.3;142475;1663;19114.4;0.93;0.09;47.02;3.16;0.39;0.79;1.67;12;61.5;0.09;1651.406;6.7
2.45;-162832.48946754;262.65;270.383;18098.9;142969;1602;19357;1.08;0.08;52;3.24;0.45;0.95;1.82;19.3;61.3;0.09;1141.709;6.3
2.7;-310921.94250467;263.638;270.727;18362.7;143544;1422;19600.5;1.26;0.04;59.04;3.42;0.54;1.14;2.04;12.8;61.4;0.08;1226.714;6.2
3.04;-659591.61844058;264.914;271.526;18635;144328;1700;19841;1.61;0.03;62.33;3.74;0.82;1.46;2.34;26.1;61.5;0.07;1642.749;6.1
2.9;-225579.46032577;266.67;273.615;18933.7;144614;1484;20116.9;1.64;0.02;61.72;3.6;0.86;1.47;2.3;12.3;61.6;0.07;1557.152;6.1
2.96;-131953.06316821;268.444;275.654;19266.7;145096;1600;20431.1;1.62;0.02;65.17;3.62;0.82;1.47;2.32;9.9;61.5;0.06;1608.628;5.8
2.79;-174160.55026216;270.559;277.676;19358.8;145789;1661;20506.6;1.52;0.04;71.38;3.44;0.84;1.32;2.16;8.7;61.7;0.08;1342.999;5.9
2.57;-302050.4883435;271.764;278.522;19534.3;146558;1593;20663;1.32;0.05;72.49;3.24;0.76;1.1;1.94;9.4;61.8;0.1;1316.697;5.4
2.55;-170634.65366187;272.87;279.057;19733.8;147221;1576;20847.9;1.28;0.05;67.73;3.24;0.77;1.06;1.92;8.7;61.7;0.09;1128.965;5.2
2.53;-61544.25121268;274.028;279.755;19865.9;147778;1560;20964.3;1.37;0.04;71.65;3.23;0.86;1.13;1.94;7.2;61.7;0.08;1052.965;4.8
2.68;-165055.36693325;276.522;281.588;20035.4;148559;1572;21116.3;1.58;0.05;81.48;3.35;1.11;1.19;2.06;6.6;61.8;0.08;1089.348;4.5
2.62;-191335.04052197;278.711;283.34;20250.6;149173;1712;21316.3;1.56;0.05;79.15;3.28;1.2;1.05;1.94;6.2;61.9;0.08;1049.604;4.2
2.65;-21303.12942523;280.887;285.193;20494.8;149742;1787;21549.3;1.47;0.06;71.71;3.3;1.23;0.78;1.85;6.1;62;0.08;1250.985;3.9
2.93;118698.85824166;282.599;286.792;20506.1;150106;1669;21562.1;1.76;0.15;83.22;3.58;1.54;0.78;2.1;4.1;62.2;0.08;1022.334;4
3.25;-216589.75205605;284.61;288.147;20533.5;151010;1771;21570.5;1.93;0.33;91.64;3.97;1.81;0.49;2.25;4.1;62.2;0.08;1077.869;3.8
3.43;-192682.38665693;287.472;289.046;20664.2;151424;1713;21697.6;2.13;0.44;108.5;4.29;2.11;0.22;2.41;3.4;62.4;0.2;1299.165;3.6
3.76;308215.06052679;288.611;290.41;20650.8;151678;1803;21677.2;2.75;0.76;101.78;4.66;2.78;0.21;2.81;3.1;62.2;0.33;1271.888;3.6
4.13;-66222.56120958;291.268;292.251;20638.9;152042;1543;21665.6;2.9;0.98;109.55;5.12;2.87;0.28;3.07;3.1;62.3;0.77;1145.623;3.6
4.24;-88841.51292609;294.728;294.017;20607.7;152412;1561;21666.4;3.14;1.49;114.84;5.27;3.19;0.14;3.25;2.7;62.2;1.21;1184.437;3.6
4.06;-211051.76005026;294.628;294.925;20588.7;152980;1371;21703.6;2.9;2.23;101.62;5.21;2.96;-0.14;3.1;3.5;62.1;1.68;1164.691;3.5
4.07;-219596.24094964;295.32;296.639;20479.9;153332;1505;21659.9;2.9;2.63;93.67;5.15;3.03;-0.35;3.13;3.2;62.3;2.33;1178.066;3.7
4.59;-429673.47896184;296.539;298.339;20281;153682;1463;21525.2;3.52;3.13;84.26;5.69;3.7;-0.34;3.56;3;62.3;2.56;1166.015;3.5
5.1;-87797.83631139;297.987;299.333;20099.4;154006;1432;21433.3;3.98;3.72;87.55;6.26;4.18;-0.4;4.04;3;62.2;3.08;1224.679;3.7
4.9;-248534.88065258;298.598;300.261;19964.9;154296;1427;21399.3;3.89;4.15;84.37;6.07;4.06;-0.61;4;3.3;62.2;3.78;1176.556;3.6
4.43;-85000.73657788;298.99;301.46;19820.8;154535;1357;21358.2;3.62;4.25;76.44;5.59;3.76;-0.67;3.66;3.4;62.3;4.1;1319.001;3.5
4.4;-38783.77183922;300.536;302.702;19555.7;155007;1340;21222.3;3.53;4.54;78.12;5.5;3.64;-0.68;3.66;4.4;62.4;4.33;1083.3;3.4
4.56;-262433.84319423;301.648;304.07;19313.7;155255;1436;21100.9;3.75;4.65;76.83;5.59;3.94;-0.78;3.8;4.7;62.5;4.57;1175.538;3.6
4.6;-378076.31647174;301.808;305.24;18939;155472;1380;20876.3;3.66;4.69;73.28;5.71;3.82;-0.64;3.77;5.2;62.6;4.65;1419.836;3.5
4.47;176180.79034912;302.918;306.489;18591.9;155689;1348;20705.7;3.46;4.92;79.45;5.53;3.54;-0.56;3.68;5.2;62.6;4.83;1400.06;3.4
4.67;-240348.23965837;303.294;307.824;18559.8;155970;1583;20820.4;3.57;5.14;71.58;5.77;3.59;-0.56;3.86;5.3;62.6;5.06;1409.227;3.7
4.65;-227768.41253805;303.841;308.309;18490.1;156075;1418;20854.4;3.75;5.16;70.25;5.75;3.95;-0.89;3.87;4.9;62.6;5.08;1414.887;3.6
4.66;-220782.0973536;304.348;308.801;18428;156311;1451;20863.7;3.9;5.25;76.07;5.74;4.14;-0.93;3.96;4.1;62.6;5.12;1339.921;3.5
4.95;89255.57269373;306.269;309.661;18303.4;156476;1305;20825.3;4.17;5.3;81.39;6.02;4.31;-0.73;4.28;4;62.8;5.33;1362.739;3.8
5.13;-170982.20087478;307.481;310.661;18171.4;156773;1346;20754.9;4.38;5.32;89.43;6.16;4.49;-0.64;4.47;3.4;62.8;5.33;1375.699;3.8
